Number,Long,Lat,
1500,-94.97898,29.76903,
1501,-94.64886,31.61264,
1502,-98.99351,31.67722,
1503,-97.11306,32.69311,
1504,-96.8765,32.6454,
1505,-97.1665,33.21767,
1506,-98.11344,31.70388,
1507,-97.7061,30.41132,
1508,-95.55067,29.9668,
1509,-97.74381,30.40538,
1510,-96.79067,33.01351,
1511,-111.83706,40.77162,
1512,-78.98659,38.09436,
1513,NA,NA,
1514,-75.86264,37.47512,
1515,-77.47754,39.07405,
1516,-76.19021,36.85076,
1517,-77.51325,37.58384,
1518,-77.35929,37.18231,
1519,-79.86647,36.69854,
1520,-77.6586,37.46661,
1521,-122.3372,47.7146,
1522,-122.9412,46.13018,
1523,-122.32418,47.60382,
1524,-122.44801,47.24549,
1525,-79.95593,39.65173,
1526,-82.12425,38.86893,
1527,-87.92623,43.25638,
1528,-87.87989,43.06189,
1529,-87.82648,42.73179,
1530,-90.07465,43.78348,
1531,-87.9767,43.07436,
1532,-88.02342,43.00136,
1533,-88.02486,43.04086,
1534,-98.47495,29.61597,
1535,-86.42189,34.36507,
1536,-87.69891,34.74648,
1537,-85.17,32.82374,
1538,-87.01687,34.57596,
1539,-87.82382,33.70756,
1540,-87.28602,34.4829,
1541,-88.09948,30.70812,
1542,-86.99168,33.37316,
1543,-88.13171,30.68523,
1544,-86.17486,32.37602,
1545,-147.73995,64.83116,
1546,-111.01008,32.32028,
1547,-112.25744,33.47818,
1548,-111.75248,33.28703,
1549,-111.61532,33.39103,
1550,-93.10851,36.23664,
1551,-122.43543,37.76867,
1552,-122.29662,38.32516,
1553,-118.23914,34.06507,
1554,-117.08289,32.68511,
1555,-121.93346,37.31321,
1556,-115.56839,32.7804,
1557,-118.29058,34.09622,
1558,-118.30504,33.73836,
1559,-122.33632,37.95324,
1560,-117.63783,34.10157,
1561,-122.23739,38.13116,
1562,-117.43982,33.92697,
1563,-118.20323,33.93083,
1564,-118.46319,34.19494,
1565,-117.27699,34.13484,
1566,-118.10588,34.10074,
1567,-118.26578,34.0374,
1568,-121.04689,39.2281,
1569,-122.41664,37.78965,
1570,-121.93827,37.32787,
1571,-121.97976,37.55726,
1572,-117.93453,33.84818,
1573,-122.40444,37.7558,
1574,-117.91294,33.77491,
1575,-117.7515,34.07701,
1576,-121.98367,36.99017,
1577,-117.35106,34.07405,
1578,-120.79148,38.72474,
1579,-117.20517,34.03654,
1580,-118.46034,34.28015,
1581,-118.14399,34.09023,
1582,-121.88021,37.69441,
1583,-122.4742,37.67994,
1584,-117.196,33.91218,
1585,-121.43433,37.74408,
1586,-117.57025,33.85053,
1587,-120.37122,37.97723,
1588,-118.10064,34.01501,
1589,-119.33853,36.22102,
1590,-122.04761,38.26186,
1591,-118.13099,33.93431,
1592,-121.39191,38.60186,
1593,-117.99492,33.82547,
1594,NA,NA,
1595,-118.2948,33.89296,
1596,-118.26506,34.0542,
1597,-121.10092,38.94522,
1598,-117.28391,33.0369,
1599,-116.2339,33.67954,
1600,-122.22333,37.4889,
1601,-118.1492,33.85973,
1602,-117.68586,34.02552,
1603,-117.83466,34.09761,
1604,-121.80025,37.23976,
1605,-119.01981,34.24346,
1606,-118.56179,34.41675,
1607,-117.05629,32.99658,
1608,-118.18672,34.0194,
1609,-117.95562,33.70039,
1610,-118.20142,34.06196,
1611,-117.29776,34.47173,
1612,-119.03996,35.38481,
1613,-118.1238,34.06789,
1614,-118.34826,33.95078,
1615,-118.43926,33.98213,
1616,-118.36025,34.05714,
1617,-117.8329,33.75423,
1618,-118.44963,34.16023,
1619,-105.12871,39.71703,
1620,-105.28367,40.02613,
1621,-104.9341,39.73223,
1622,-73.05908,41.55949,
1623,-73.13382,41.79153,
1624,-73.0653,41.21652,
1625,-72.52556,41.78188,
1626,-75.56662,39.74954,
1627,-77.01999,38.91752,
1628,-80.92192,29.02056,
1629,-80.14079,26.10204,
1630,-80.26892,25.84549,
1631,-80.12148,26.27693,
1632,-80.43048,25.47923,
1633,-82.73958,27.7528,
1634,-85.24189,30.78675,
1635,-80.20519,26.12647,
1636,-80.62309,28.36005,
1637,-80.2931,25.70557,
1638,-80.20305,26.26309,
1639,-80.82855,27.25983,
1640,-80.06286,26.75322,
1641,-83.40557,33.94769,
1642,-81.48449,31.17542,
1643,-84.98177,32.48036,
1644,-83.7804,31.12584,
1645,-84.37296,33.76291,
1646,-84.35405,33.90919,
1647,NA,NA,
1648,-84.73111,33.73938,
1649,-84.42697,33.68039,
1650,-84.81559,33.39115,
1651,-156.48948,20.88463,
1652,-155.11229,19.71846,
1653,-157.75791,21.38072,
1654,-157.85677,21.32107,
1655,-157.853,21.32963,
1656,-157.89988,21.36333,
1657,-157.8571,21.30448,
1658,-157.9384,21.38346,
1659,-158.02753,21.37105,
1660,-117.025,46.4165,
1661,-89.02622,37.80144,
1662,-87.69571,41.86011,
1663,-88.83531,41.11429,
1664,-88.54954,39.12554,
1665,-88.4255,41.36911,
1666,-89.6374,42.29583,
1667,-87.73265,40.76561,
1668,-88.32573,41.78556,
1669,-87.76773,41.94543,
1670,-90.41851,41.49433,
1671,-88.72384,41.96282,
1672,-89.94728,38.73818,
1673,-88.05724,41.91465,
1674,-88.08362,41.68073,
1675,-86.8795,40.42713,
1676,-87.44901,41.63466,
1677,-86.15675,40.4863,
1678,-85.89232,38.95542,
1679,-86.07497,39.78725,
1680,-85.78092,39.52507,
1681,-93.6098,41.60219,
1682,-92.3895,41.02889,
1683,-97.33272,38.02245,
1684,NA,NA,
1685,NA,NA,
1686,NA,NA,
1687,NA,NA,
1688,NA,NA,
1689,NA,NA,
1690,NA,NA,
1691,NA,NA,
1692,NA,NA,
1693,NA,NA,
1694,NA,NA,
1695,NA,NA,
1696,NA,NA,
1697,NA,NA,
1698,NA,NA,
1699,NA,NA,
1700,NA,NA,
1701,NA,NA,
1702,NA,NA,
1703,NA,NA,
1704,NA,NA,
1705,NA,NA,
1706,NA,NA,
1707,NA,NA,
1708,NA,NA,
1709,NA,NA,
1710,NA,NA,
1711,NA,NA,
1712,NA,NA,
1713,NA,NA,
1714,NA,NA,
1715,NA,NA,
1716,NA,NA,
1717,NA,NA,
1718,NA,NA,
1719,NA,NA,
1720,NA,NA,
1721,NA,NA,
1722,NA,NA,
1723,NA,NA,
1724,NA,NA,
1725,NA,NA,
1726,NA,NA,
1727,NA,NA,
1728,NA,NA,
1729,NA,NA,
1730,NA,NA,
1731,NA,NA,
1732,NA,NA,
1733,NA,NA,
1734,NA,NA,
1735,NA,NA,
1736,NA,NA,
1737,NA,NA,
1738,NA,NA,
1739,NA,NA,
1740,NA,NA,
1741,NA,NA,
1742,NA,NA,
1743,NA,NA,
1744,NA,NA,
1745,NA,NA,
1746,NA,NA,
1747,NA,NA,
1748,NA,NA,
1749,NA,NA,
1750,NA,NA,
1751,NA,NA,
1752,NA,NA,
1753,NA,NA,
1754,NA,NA,
1755,NA,NA,
1756,NA,NA,
1757,NA,NA,
1758,NA,NA,
1759,NA,NA,
1760,NA,NA,
1761,NA,NA,
1762,NA,NA,
1763,NA,NA,
1764,NA,NA,
1765,NA,NA,
1766,NA,NA,
1767,NA,NA,
1768,NA,NA,
1769,NA,NA,
1770,NA,NA,
1771,NA,NA,
1772,NA,NA,
1773,NA,NA,
1774,NA,NA,
1775,NA,NA,
1776,NA,NA,
1777,NA,NA,
1778,NA,NA,
1779,NA,NA,
1780,NA,NA,
1781,NA,NA,
1782,NA,NA,
1783,NA,NA,
1784,NA,NA,
1785,NA,NA,
1786,NA,NA,
1787,NA,NA,
1788,NA,NA,
1789,NA,NA,
1790,NA,NA,
1791,NA,NA,
1792,NA,NA,
1793,NA,NA,
1794,NA,NA,
1795,NA,NA,
1796,NA,NA,
1797,NA,NA,
1798,NA,NA,
1799,NA,NA,
1800,NA,NA,
1801,NA,NA,
1802,NA,NA,
1803,NA,NA,
1804,NA,NA,
1805,NA,NA,
1806,NA,NA,
1807,NA,NA,
1808,NA,NA,
1809,NA,NA,
1810,NA,NA,
1811,NA,NA,
1812,NA,NA,
1813,NA,NA,
1814,NA,NA,
1815,NA,NA,
1816,NA,NA,
1817,NA,NA,
1818,NA,NA,
1819,NA,NA,
1820,NA,NA,
1821,NA,NA,
1822,NA,NA,
1823,NA,NA,
1824,NA,NA,
1825,NA,NA,
1826,NA,NA,
1827,NA,NA,
1828,NA,NA,
1829,NA,NA,
1830,NA,NA,
1831,NA,NA,
1832,NA,NA,
1833,NA,NA,
1834,NA,NA,
1835,NA,NA,
1836,NA,NA,
1837,NA,NA,
1838,NA,NA,
1839,NA,NA,
1840,NA,NA,
1841,NA,NA,
1842,NA,NA,
1843,NA,NA,
1844,NA,NA,
1845,NA,NA,
1846,NA,NA,
1847,NA,NA,
1848,NA,NA,
1849,NA,NA,
1850,NA,NA,
1851,NA,NA,
1852,NA,NA,
1853,NA,NA,
1854,NA,NA,
1855,NA,NA,
1856,NA,NA,
1857,NA,NA,
1858,NA,NA,
1859,NA,NA,
1860,NA,NA,
1861,NA,NA,
1862,NA,NA,
1863,NA,NA,
1864,NA,NA,
1865,NA,NA,
1866,NA,NA,
1867,NA,NA,
1868,NA,NA,
1869,NA,NA,
1870,NA,NA,
1871,NA,NA,
1872,NA,NA,
1873,NA,NA,
1874,NA,NA,
1875,NA,NA,
1876,NA,NA,
1877,NA,NA,
1878,NA,NA,
1879,NA,NA,
1880,NA,NA,
1881,NA,NA,
1882,NA,NA,
1883,NA,NA,
1884,NA,NA,
1885,NA,NA,
1886,NA,NA,
1887,NA,NA,
1888,NA,NA,
1889,NA,NA,
1890,NA,NA,
1891,NA,NA,
1892,NA,NA,
1893,NA,NA,
1894,NA,NA,
1895,NA,NA,
1896,NA,NA,
1897,NA,NA,
1898,NA,NA,
1899,NA,NA,
1900,NA,NA,
1901,NA,NA,
1902,NA,NA,
1903,NA,NA,
1904,NA,NA,
1905,NA,NA,
1906,NA,NA,
1907,NA,NA,
1908,NA,NA,
1909,NA,NA,
1910,NA,NA,
1911,NA,NA,
1912,NA,NA,
1913,NA,NA,
1914,NA,NA,
1915,NA,NA,
1916,NA,NA,
1917,NA,NA,
1918,NA,NA,
1919,NA,NA,
1920,NA,NA,
1921,NA,NA,
1922,NA,NA,
1923,NA,NA,
1924,NA,NA,
1925,NA,NA,
1926,NA,NA,
1927,NA,NA,
1928,NA,NA,
1929,NA,NA,
1930,NA,NA,
1931,NA,NA,
1932,NA,NA,
1933,NA,NA,
1934,NA,NA,
1935,NA,NA,
1936,NA,NA,
1937,NA,NA,
1938,NA,NA,
1939,NA,NA,
1940,NA,NA,
1941,NA,NA,
1942,NA,NA,
1943,NA,NA,
1944,NA,NA,
1945,NA,NA,
1946,NA,NA,
1947,NA,NA,
1948,NA,NA,
1949,NA,NA,
1950,NA,NA,
1951,NA,NA,
1952,NA,NA,
1953,NA,NA,
1954,NA,NA,
1955,NA,NA,
1956,NA,NA,
1957,NA,NA,
1958,NA,NA,
1959,NA,NA,
1960,NA,NA,
1961,NA,NA,
1962,NA,NA,
1963,NA,NA,
1964,NA,NA,
1965,NA,NA,
1966,NA,NA,
1967,NA,NA,
1968,NA,NA,
1969,NA,NA,
1970,NA,NA,
1971,NA,NA,
1972,NA,NA,
1973,NA,NA,
1974,NA,NA,
1975,NA,NA,
1976,NA,NA,
1977,NA,NA,
1978,NA,NA,
1979,NA,NA,
1980,NA,NA,
1981,NA,NA,
1982,NA,NA,
1983,NA,NA,
1984,NA,NA,
1985,NA,NA,
1986,NA,NA,
1987,NA,NA,
1988,NA,NA,
1989,NA,NA,
1990,NA,NA,
1991,NA,NA,
1992,NA,NA,
1993,NA,NA,
1994,NA,NA,
1995,NA,NA,
1996,NA,NA,
1997,NA,NA,
1998,NA,NA,
1999,NA,NA,
2000,NA,NA,
2001,NA,NA,
2002,NA,NA,
2003,NA,NA,
2004,NA,NA,
2005,NA,NA,
2006,NA,NA,
2007,NA,NA,
2008,NA,NA,
2009,NA,NA,
2010,NA,NA,
2011,NA,NA,
2012,NA,NA,
2013,NA,NA,
2014,NA,NA,
2015,NA,NA,
2016,NA,NA,
2017,NA,NA,
2018,NA,NA,
2019,NA,NA,
2020,NA,NA,
2021,NA,NA,
2022,NA,NA,
2023,NA,NA,
2024,NA,NA,
2025,NA,NA,
2026,NA,NA,
2027,NA,NA,
2028,NA,NA,
2029,NA,NA,
2030,NA,NA,
2031,NA,NA,
2032,NA,NA,
2033,NA,NA,
2034,NA,NA,
2035,NA,NA,
2036,NA,NA,
2037,NA,NA,
2038,NA,NA,
2039,NA,NA,
2040,NA,NA,
2041,NA,NA,
2042,NA,NA,
2043,NA,NA,
2044,NA,NA,
2045,NA,NA,
2046,NA,NA,
2047,NA,NA,
2048,NA,NA,
2049,NA,NA,
2050,NA,NA,
2051,NA,NA,
2052,NA,NA,
2053,NA,NA,
2054,NA,NA,
2055,NA,NA,
2056,NA,NA,
2057,NA,NA,
2058,NA,NA,
2059,NA,NA,
2060,NA,NA,
2061,NA,NA,
2062,NA,NA,
2063,NA,NA,
2064,NA,NA,
2065,NA,NA,
2066,NA,NA,
2067,NA,NA,
2068,NA,NA,
2069,NA,NA,
2070,NA,NA,
2071,NA,NA,
2072,NA,NA,
2073,NA,NA,
2074,NA,NA,
2075,NA,NA,
2076,NA,NA,
2077,NA,NA,
2078,NA,NA,
2079,NA,NA,
2080,NA,NA,
2081,NA,NA,
2082,NA,NA,
2083,NA,NA,
2084,NA,NA,
2085,NA,NA,
2086,NA,NA,
2087,NA,NA,
2088,NA,NA,
2089,NA,NA,
2090,NA,NA,
2091,NA,NA,
2092,NA,NA,
2093,NA,NA,
2094,NA,NA,
2095,NA,NA,
2096,NA,NA,
2097,NA,NA,
2098,NA,NA,
2099,NA,NA,
2100,NA,NA,
2101,NA,NA,
2102,NA,NA,
2103,NA,NA,
2104,NA,NA,
2105,NA,NA,
2106,NA,NA,
2107,NA,NA,
2108,NA,NA,
2109,NA,NA,
2110,NA,NA,
2111,NA,NA,
2112,NA,NA,
2113,NA,NA,
2114,NA,NA,
2115,NA,NA,
2116,NA,NA,
2117,NA,NA,
2118,NA,NA,
2119,NA,NA,
2120,NA,NA,
2121,NA,NA,
2122,NA,NA,
2123,NA,NA,
2124,NA,NA,
2125,NA,NA,
2126,NA,NA,
2127,NA,NA,
2128,NA,NA,
2129,NA,NA,
2130,NA,NA,
2131,NA,NA,
2132,NA,NA,
2133,NA,NA,
2134,NA,NA,
2135,NA,NA,
2136,NA,NA,
2137,NA,NA,
2138,NA,NA,
2139,NA,NA,
2140,NA,NA,
2141,NA,NA,
2142,NA,NA,
2143,NA,NA,
2144,NA,NA,
2145,NA,NA,
2146,NA,NA,
2147,NA,NA,
2148,NA,NA,
2149,NA,NA,
2150,NA,NA,
2151,NA,NA,
2152,NA,NA,
2153,NA,NA,
2154,NA,NA,
2155,NA,NA,
2156,NA,NA,
2157,NA,NA,
2158,NA,NA,
2159,NA,NA,
2160,NA,NA,
2161,NA,NA,
2162,NA,NA,
2163,NA,NA,
2164,NA,NA,
2165,NA,NA,
2166,NA,NA,
2167,NA,NA,
2168,NA,NA,
2169,NA,NA,
2170,NA,NA,
2171,NA,NA,
2172,NA,NA,
2173,NA,NA,
2174,NA,NA,
2175,NA,NA,
2176,NA,NA,
2177,NA,NA,
2178,NA,NA,
2179,NA,NA,
2180,NA,NA,
2181,NA,NA,
2182,NA,NA,
2183,NA,NA,
2184,NA,NA,
2185,NA,NA,
2186,NA,NA,
2187,NA,NA,
2188,NA,NA,
2189,NA,NA,
2190,NA,NA,
2191,NA,NA,
2192,NA,NA,
2193,NA,NA,
2194,NA,NA,
2195,NA,NA,
2196,NA,NA,
2197,NA,NA,
2198,NA,NA,
2199,NA,NA,
2200,NA,NA,
2201,NA,NA,
2202,NA,NA,
2203,NA,NA,
2204,NA,NA,
2205,NA,NA,
2206,NA,NA,
2207,NA,NA,
2208,NA,NA,
2209,NA,NA,
2210,NA,NA,
2211,NA,NA,
2212,NA,NA,
2213,NA,NA,
2214,NA,NA,
2215,NA,NA,
2216,NA,NA,
2217,NA,NA,
2218,NA,NA,
2219,NA,NA,
2220,NA,NA,
2221,NA,NA,
2222,NA,NA,
2223,NA,NA,
2224,NA,NA,
2225,NA,NA,
2226,NA,NA,
2227,NA,NA,
2228,NA,NA,
2229,NA,NA,
2230,NA,NA,
2231,NA,NA,
2232,NA,NA,
2233,NA,NA,
2234,NA,NA,
2235,NA,NA,
2236,NA,NA,
2237,NA,NA,
2238,NA,NA,
2239,NA,NA,
2240,NA,NA,
2241,NA,NA,
2242,NA,NA,
2243,NA,NA,
2244,NA,NA,
2245,NA,NA,
2246,NA,NA,
2247,NA,NA,
2248,NA,NA,
2249,NA,NA,
2250,NA,NA,
2251,NA,NA,
2252,NA,NA,
2253,NA,NA,
2254,NA,NA,
2255,NA,NA,
2256,NA,NA,
2257,NA,NA,
2258,NA,NA,
2259,NA,NA,
2260,NA,NA,
2261,NA,NA,
2262,NA,NA,
2263,NA,NA,
2264,NA,NA,
2265,NA,NA,
2266,NA,NA,
2267,NA,NA,
2268,NA,NA,
2269,NA,NA,
2270,NA,NA,
2271,NA,NA,
2272,NA,NA,
2273,NA,NA,
2274,NA,NA,
2275,NA,NA,
2276,NA,NA,
2277,NA,NA,
2278,NA,NA,
2279,NA,NA,
2280,NA,NA,
2281,NA,NA,
2282,NA,NA,
2283,NA,NA,
2284,NA,NA,
2285,NA,NA,
2286,NA,NA,
2287,NA,NA,
2288,NA,NA,
2289,NA,NA,
2290,NA,NA,
2291,NA,NA,
2292,NA,NA,
2293,NA,NA,
2294,NA,NA,
2295,NA,NA,
2296,NA,NA,
2297,NA,NA,
2298,NA,NA,
2299,NA,NA,
2300,NA,NA,
2301,NA,NA,
2302,NA,NA,
2303,NA,NA,
2304,NA,NA,
2305,NA,NA,
2306,NA,NA,
2307,NA,NA,
2308,NA,NA,
2309,NA,NA,
2310,NA,NA,
2311,NA,NA,
2312,NA,NA,
2313,NA,NA,
2314,NA,NA,
2315,NA,NA,
2316,NA,NA,
2317,NA,NA,
2318,NA,NA,
2319,NA,NA,
2320,NA,NA,
2321,NA,NA,
2322,NA,NA,
2323,NA,NA,
2324,NA,NA,
2325,NA,NA,
2326,NA,NA,
2327,NA,NA,
2328,NA,NA,
2329,NA,NA,
2330,NA,NA,
2331,NA,NA,
2332,NA,NA,
2333,NA,NA,
2334,NA,NA,
2335,NA,NA,
2336,NA,NA,
2337,NA,NA,
2338,NA,NA,
2339,NA,NA,
2340,NA,NA,
2341,NA,NA,
2342,NA,NA,
2343,NA,NA,
2344,NA,NA,
2345,NA,NA,
2346,NA,NA,
2347,NA,NA,
2348,NA,NA,
2349,NA,NA,
2350,NA,NA,
2351,NA,NA,
2352,NA,NA,
2353,NA,NA,
2354,NA,NA,
2355,NA,NA,
2356,NA,NA,
2357,NA,NA,
2358,NA,NA,
2359,NA,NA,
2360,NA,NA,
2361,NA,NA,
2362,NA,NA,
2363,NA,NA,
2364,NA,NA,
2365,NA,NA,
2366,NA,NA,
2367,NA,NA,
2368,NA,NA,
2369,NA,NA,
2370,NA,NA,
2371,NA,NA,
2372,NA,NA,
2373,NA,NA,
2374,NA,NA,
2375,NA,NA,
2376,NA,NA,
2377,NA,NA,
2378,NA,NA,
2379,NA,NA,
2380,NA,NA,
2381,NA,NA,
2382,NA,NA,
2383,NA,NA,
2384,NA,NA,
2385,NA,NA,
2386,NA,NA,
2387,NA,NA,
2388,NA,NA,
2389,NA,NA,
2390,NA,NA,
2391,NA,NA,
2392,NA,NA,
2393,NA,NA,
2394,NA,NA,
2395,NA,NA,
2396,NA,NA,
2397,NA,NA,
2398,NA,NA,
2399,NA,NA,
2400,NA,NA,
2401,NA,NA,
2402,NA,NA,
2403,NA,NA,
2404,NA,NA,
2405,NA,NA,
2406,NA,NA,
2407,NA,NA,
2408,NA,NA,
2409,NA,NA,
2410,NA,NA,
2411,NA,NA,
2412,NA,NA,
2413,NA,NA,
2414,NA,NA,
2415,NA,NA,
2416,NA,NA,
2417,NA,NA,
2418,NA,NA,
2419,NA,NA,
2420,NA,NA,
2421,NA,NA,
2422,NA,NA,
2423,NA,NA,
2424,NA,NA,
2425,NA,NA,
2426,NA,NA,
2427,NA,NA,
2428,NA,NA,
2429,NA,NA,
2430,NA,NA,
2431,NA,NA,
2432,NA,NA,
2433,NA,NA,
2434,NA,NA,
2435,NA,NA,
2436,NA,NA,
2437,NA,NA,
2438,NA,NA,
2439,NA,NA,
2440,NA,NA,
2441,NA,NA,
2442,NA,NA,
2443,NA,NA,
2444,NA,NA,
2445,NA,NA,
2446,NA,NA,
2447,NA,NA,
2448,NA,NA,
2449,NA,NA,
2450,NA,NA,
2451,NA,NA,
2452,NA,NA,
2453,NA,NA,
2454,NA,NA,
2455,NA,NA,
2456,NA,NA,
2457,NA,NA,
2458,NA,NA,
2459,NA,NA,
2460,NA,NA,
2461,NA,NA,
2462,NA,NA,
2463,NA,NA,
2464,NA,NA,
2465,NA,NA,
2466,NA,NA,
2467,NA,NA,
2468,NA,NA,
2469,NA,NA,
2470,NA,NA,
2471,NA,NA,
2472,NA,NA,
2473,NA,NA,
2474,NA,NA,
2475,NA,NA,
2476,NA,NA,
2477,NA,NA,
2478,NA,NA,
2479,NA,NA,
2480,NA,NA,
2481,NA,NA,
2482,NA,NA,
2483,NA,NA,
2484,NA,NA,
2485,NA,NA,
2486,NA,NA,
2487,NA,NA,
2488,NA,NA,
2489,NA,NA,
2490,NA,NA,
2491,NA,NA,
2492,NA,NA,
2493,NA,NA,
2494,NA,NA,
2495,NA,NA,
2496,NA,NA,
2497,NA,NA,
2498,NA,NA,
2499,NA,NA,
2500,-73.88112,40.88054,
2501,-81.58343,41.52516,
2502,-99.91488,34.6915,
2503,-95.4965,34.0123,
2504,-75.16343,39.97156,
2505,-95.38095,30.95688,
2506,-95.40807,29.84738,
2507,-86.45177,32.46417,
2508,-109.73482,32.82277,
2509,-117.67119,35.64086,
2510,-81.44863,30.65306,
2511,-83.69453,32.87152,
2512,-93.23092,45.5664,
2513,-90.46739,38.67626,
2514,-76.16758,43.00821,
2515,-82.44822,40.39967,
2516,-83.1359,41.33963,
2517,-82.84599,36.1514,
2518,-86.62161,36.325,
2519,-111.87899,40.77849,
2520,-111.76718,40.38042,
2521,-111.99573,41.09095,
2522,-111.85405,40.577,
2523,-111.97455,40.59008,
2524,-76.87892,37.90093,
2525,-77.40721,38.41517,
2526,-85.63208,31.45133,
2527,-85.88999,31.04823,
2528,-87.82474,33.93095,
2529,-94.22166,34.58906,
2530,-117.98666,33.70364,
2531,-118.0798,33.83359,
2532,-117.88463,33.71114,
2533,-103.54882,37.9788,
2534,-72.8365,41.46281,
2535,-72.72575,41.80166,
2536,-82.5038,28.01361,
2537,-82.57412,28.00269,
2538,-85.2631,34.94914,
2539,-83.46912,34.21878,
2540,-84.78315,34.77995,
2541,-81.89877,32.16619,
2542,-85.26062,37.57064,
2543,-85.52322,37.86188,
2544,-83.76144,37.16206,
2545,-86.28852,37.47272,
2546,-84.27745,38.38349,
2547,-85.3378,37.36643,
2548,-84.9052,38.16021,
2549,-84.43898,37.99939,
2550,-85.29357,37.09412,
2551,-89.86789,30.77917,
2552,-93.06242,32.7939,
2553,-92.1576,31.69382,
2554,-89.74552,30.28806,
2555,-67.99859,46.67509,
2556,-83.50948,44.27533,
2557,-83.0332,43.8024,
2558,-93.48073,45.13293,
2559,-88.98141,33.89233,
2560,-89.35473,30.31723,
2561,-93.72188,38.76591,
2562,-93.21292,39.09187,
2563,-78.1767,43.00584,
2564,-77.28973,42.87623,
2565,-75.49978,44.69159,
2566,-81.52341,35.74759,
2567,NA,NA,
2568,-83.96683,35.07318,
2569,-81.10269,40.90221,
2570,-83.75706,40.3684,
2571,-98.99648,35.51451,
2572,-97.29997,36.79793,
2573,-76.31032,40.13168,
2574,-82.24827,34.72009,
2575,NA,NA,
2576,-82.41171,36.13342,
2577,-86.43403,36.38966,
2578,-86.084,35.46872,
2579,-84.55149,35.93534,
2580,-84.11183,36.38895,
2581,-84.52277,35.3452,
2582,-83.57196,36.4524,
2583,-88.12315,35.636,
2584,-82.37294,36.35191,
2585,-85.47825,35.94893,
2586,-97.43856,32.33207,
2587,-97.16264,27.9157,
2588,-95.38754,29.72272,
2589,-95.21345,32.42574,
2590,-96.9574,32.90108,
2591,-82.62092,36.94315,
2592,-88.69645,43.20017,
2593,-96.87625,29.93533,
2594,-86.93656,34.44623,
2595,-88.09122,33.27597,
2596,-87.78502,30.90394,
2597,-91.81502,33.60885,
2598,-92.12484,34.87358,
2599,-122.56036,38.09931,
2600,-122.45926,37.74728,
2601,-118.00704,33.81559,
2602,-86.11763,30.65995,
2603,-82.87513,34.1127,
2604,-82.35014,31.76996,
2605,-82.80425,32.99578,
2606,-83.17885,32.18559,
2607,-84.33112,33.80493,
2608,-84.44713,34.44611,
2609,-158.02622,21.49904,
2610,-88.52483,37.73088,
2611,-91.38232,40.62425,
2612,-95.26875,38.59723,
2613,-94.71007,37.80636,
2614,-97.671,38.37874,
2615,-101.90473,37.00254,
2616,-83.80867,38.64007,
2617,-86.8806,36.81091,
2618,-84.19621,37.99957,
2619,-93.07911,31.7535,
2620,-92.41737,30.64221,
2621,-92.10785,29.97369,
2622,-93.28903,30.84192,
2623,-90.37072,29.92412,
2624,-92.06454,31.14347,
2625,-92.64404,30.81595,
2626,-91.70518,32.15824,
2627,-71.69281,42.42736,
2628,-88.5858,47.1413,
2629,-92.81846,45.04786,
2630,-95.84484,46.81465,
2631,-89.26654,33.53381,
2632,-88.59283,30.92179,
2633,-94.35962,37.83208,
2634,-90.44037,37.80011,
2635,-94.50441,38.81403,
2636,-108.26687,32.79517,
2637,-78.13068,42.75425,
2638,-77.10072,43.06066,
2639,-77.9446,43.22111,
2640,-77.66076,42.31394,
2641,-77.69834,42.55224,
2642,-77.13668,42.96013,
2643,-84.63453,40.08867,
2644,-81.92001,40.56516,
2645,-99.40003,36.43778,
2646,-99.42551,35.41171,
2647,-94.81275,33.88093,
2648,-97.7634,35.48504,
2649,-95.85802,36.03325,
2650,-76.77845,40.86205,
2651,-71.82473,41.36194,
2652,-87.8639,35.5932,
2653,-83.30362,36.21476,
2654,-85.50055,36.54381,
2655,-85.82945,35.96151,
2656,-84.12804,36.57603,
2657,-85.95008,36.26343,
2658,-97.58899,31.77794,
2659,-100.39828,32.45387,
2660,-100.964,35.57153,
2661,-98.17427,29.15982,
2662,-96.39926,30.14579,
2663,-98.67775,30.74282,
2664,-97.43132,29.51743,
2665,-97.31947,31.95131,
2666,-96.78468,29.69328,
2667,-94.79557,32.16109,
2668,-97.80382,32.43245,
2669,-78.19892,38.93096,
2670,-82.06596,37.28591,
2671,-86.49558,30.53354,
2672,-95.16214,29.64125,
2673,-97.81175,30.53252,
2674,-86.62289,32.85413,
2675,-112.17069,33.50278,
2676,-111.32132,34.23174,
2677,-93.44495,35.46438,
2678,-118.22427,33.98936,
2679,-121.79208,38.66411,
2680,-117.43561,34.07278,
2681,-118.4868,34.15745,
2682,-120.85931,37.06407,
2683,-104.96961,39.74561,
2684,-104.98543,39.86346,
2685,-75.43264,38.90718,
2686,-80.67127,26.72419,
2687,-80.61271,27.99839,
2688,-84.91677,33.74443,
2689,-84.85261,33.91935,
2690,-83.49018,32.29799,
2691,-83.70967,32.45961,
2692,-83.97562,34.52279,
2693,-86.35575,39.60768,
2694,-86.62195,41.28809,
2695,-86.14343,39.98275,
2696,-91.05452,41.43317,
2697,-98.79087,38.35631,
2698,-85.23598,38.2096,
2699,-83.94527,38.07712,
2700,-84.56252,38.18659,
2701,-93.25071,44.11218,
2702,-93.25744,44.28842,
2703,-88.56561,34.65764,
2704,-90.69876,38.71544,
2705,-119.76009,39.43597,
2706,-77.95056,42.12242,
2707,-75.65413,43.07789,
2708,-78.9852,36.40713,
2709,-84.3706,40.54439,
2710,-84.57881,40.85065,
2711,-83.89627,38.85882,
2712,-94.95041,35.91179,
2713,-80.17289,39.90063,
2714,-76.4482,41.78401,
2715,-81.18413,34.68415,
2716,-82.24443,34.92019,
2717,-81.62916,34.71219,
2718,-79.83976,34.31334,
2719,-82.21866,34.86267,
2720,-87.00605,35.19198,
2721,-83.01444,36.39994,
2722,-88.86858,36.33465,
2723,-84.27005,35.82498,
2724,-83.18205,35.96444,
2725,-86.56559,35.97509,
2726,-93.92212,29.93889,
2727,-98.48947,29.42558,
2728,-99.76773,29.21384,
2729,-97.53305,32.88089,
2730,-96.97705,30.85729,
2731,-95.34197,29.87161,
2732,-79.89032,36.99408,
2733,-77.40693,37.54012,
2734,-77.4959,38.21974,
2735,-119.26547,47.12843,
2736,-81.63305,38.354,
2737,-80.8293,38.29255,
2738,-81.95162,38.44832,
2739,-89.83048,44.38177,
2740,-88.59569,44.02757,
2741,-105.51818,44.29038,
2742,-96.46586,32.88438,
2743,-95.62025,29.60472,
2744,-86.25551,31.29056,
2745,-85.65156,34.16275,
2746,-87.99146,34.12677,
2747,-86.495,33.9333,
2748,-87.89007,32.84218,
2749,-85.74161,32.82003,
2750,-85.1562,31.8887,
2751,-86.30182,33.60431,
2752,-85.76297,33.78455,
2753,-88.17129,30.61928,
2754,-85.00867,32.50808,
2755,-134.46507,58.32892,
2756,-112.0474,33.45143,
2757,-111.99739,33.63941,
2758,-110.92955,32.17789,
2759,-111.82164,33.42479,
2760,-113.98568,35.22129,
2761,-94.33812,35.43653,
2762,-124.09167,40.89634,
2763,-120.86109,37.75708,
2764,-121.63316,36.69738,
2765,-117.01887,34.89373,
2766,-114.59509,33.61299,
2767,-117.29391,34.52817,
2768,-118.12945,33.87435,
2769,-117.84343,33.88707,
2770,-118.13831,34.04941,
2771,-118.04337,34.04815,
2772,-117.18603,33.8974,
2773,-104.76855,39.96455,
2774,-103.22066,40.61264,
2775,-87.15095,30.95015,
2776,-83.59309,30.12015,
2777,-80.11088,26.20678,
2778,-83.42479,31.14392,
2779,-81.61452,30.78083,
2780,-84.49273,34.6801,
2781,-111.77085,43.82589,
2782,-88.80783,39.40551,
2783,-90.10769,38.57057,
2784,-90.66577,40.44793,
2785,-89.41101,38.90229,
2786,-88.67615,40.87335,
2787,-88.93677,38.31223,
2788,-86.90823,40.06466,
2789,-85.14934,41.07813,
2790,-85.4649,41.15823,
2791,-85.29574,41.44803,
2792,-85.66997,38.47392,
2793,-85.75166,38.33335,
2794,-94.90575,39.28241,
2795,-95.71993,37.22446,
2796,-100.86912,37.96897,
2797,-100.92579,37.05421,
2798,-94.91831,39.3073,
2799,-84.23857,38.22175,
2800,-83.75155,38.42221,
2801,-84.33604,37.35763,
2802,-91.20106,29.70694,
2803,-93.44389,33.01029,
2804,-93.70912,32.03593,
2805,-92.07606,32.10427,
2806,-90.93179,30.20972,
2807,-69.66282,44.54293,
2808,-72.24239,42.25367,
2809,-85.98744,42.82123,
2810,-83.30925,42.6351,
2811,-86.26302,42.39122,
2812,-85.4077,41.79497,
2813,-93.19146,44.47339,
2814,-93.87083,45.19501,
2815,-94.37479,44.87541,
2816,-88.662,33.61863,
2817,-90.65012,33.45722,
2818,-89.68753,30.53017,
2819,-89.95648,34.62468,
2820,-89.91654,34.30619,
2821,-94.34076,38.24953,
2822,-96.04011,41.13585,
2823,-118.76613,39.4765,
2824,-115.73101,40.82273,
2825,-74.11429,40.97856,
2826,-74.60348,41.20705,
2827,-107.76875,32.26125,
2828,-103.23176,34.41937,
2829,-104.41118,32.84904,
2830,-108.72727,35.50728,
2831,-106.67719,35.20752,
2832,-75.47423,44.33764,
2833,-79.33423,42.48128,
2834,-80.07552,34.96133,
2835,-84.17968,40.28789,
2836,-82.11562,39.32792,
2837,-80.72072,40.09873,
2838,-81.70745,41.4871,
2839,-81.84799,40.27102,
2840,-84.55716,41.47407,
2841,-95.30439,36.30836,
2842,-94.78887,35.46344,
2843,-101.47599,36.69079,
2844,-99.09771,35.03681,
2845,-97.2147,34.71964,
2846,-96.64748,34.73688,
2847,-95.35821,35.7809,
2848,-78.01432,40.49307,
2849,-77.47022,41.13189,
2850,-78.86096,41.68881,
2851,-78.70937,40.65942,
2852,-75.96961,41.57752,
2853,-79.69896,34.63552,
2854,-81.02818,33.30746,
2855,-79.76055,33.88065,
2856,-81.09018,32.85695,
2857,-87.75641,35.32518,
2858,-88.9389,35.96313,
2859,-88.57588,35.16139,
2860,-84.60727,35.44102,
2861,-86.55539,35.14963,
2862,-89.93216,35.06716,
2863,-88.48941,36.13733,
2864,-93.76644,30.10007,
2865,-97.73202,28.41592,
2866,-98.58441,33.08987,
2867,-97.14745,30.01728,
2868,-102.88234,30.89395,
2869,-97.09918,32.01305,
2870,-98.16973,33.22532,
2871,-95.08544,30.34181,
2872,-96.86999,32.91546,
2873,-102.26775,33.18707,
2874,-98.82096,32.39997,
2875,-97.74688,32.24193,
2876,-94.42687,30.77528,
2877,-101.96535,32.7466,
2878,-98.88775,32.75471,
2879,-94.0085,30.90786,
2880,-99.24736,33.59232,
2881,-95.40472,29.18474,
2882,-97.7325,33.77765,
2883,-96.28007,32.71178,
2884,-102.36884,33.57279,
2885,-98.04182,27.76477,
2886,-94.19098,31.79946,
2887,-95.68992,29.56488,
2888,-106.30043,31.73491,
2889,-94.94381,32.73428,
2890,-112.29701,40.56653,
2891,-109.53171,40.45793,
2892,-81.48904,37.12397,
2893,NA,NA,
2894,-81.58928,37.43804,
2895,-91.35973,44.95014,
2896,-88.36193,43.31772,
2897,-89.732,43.48106,
2898,-89.72072,43.283,
2899,-87.95413,42.86015,
2900,-96.85711,32.7146,
2901,-95.09377,30.32835,
2902,-97.0945,32.56807,
2903,-85.48744,33.31665,
2904,-87.7761,31.69428,
2905,-161.75583,60.79222,
2906,-114.28478,34.13552,
2907,-111.68733,33.3138,
2908,-90.76537,35.05227,
2909,-119.03959,35.41171,
2910,-117.09519,32.79134,
2911,-118.30936,34.03514,
2912,-103.79553,40.26014,
2913,-85.28821,29.77888,
2914,-82.41489,32.99878,
2915,-83.23835,31.20341,
2916,-85.10884,41.1753,
2917,-87.32845,41.44813,
2918,-91.38322,32.86789,
2919,-92.64512,31.92498,
2920,-91.74916,32.46323,
2921,-90.51563,30.07324,
2922,-90.68821,29.56988,
2923,-91.17182,32.80983,
2924,-92.57666,44.5674,
2925,-92.87191,44.74681,
2926,-93.5901,45.55844,
2927,-89.41707,34.7872,
2928,-89.10684,32.757,
2929,-89.64228,34.13142,
2930,-89.80643,31.25566,
2931,-94.87609,40.326,
2932,-93.27217,37.24859,
2933,-91.96485,38.84276,
2934,-109.68545,48.53685,
2935,-106.08776,35.99721,
2936,-105.57622,36.36867,
2937,-78.65921,42.50853,
2938,-78.94334,42.4642,
2939,-77.27826,42.37412,
2940,-83.36773,40.22953,
2941,-80.74079,40.03051,
2942,-83.16467,40.10139,
2943,-99.01444,34.40329,
2944,-95.95325,35.61038,
2945,-95.8355,36.29912,
2946,-95.85066,36.31208,
2947,-95.8007,36.07802,
2948,-122.62759,45.44923,
2949,-76.45282,41.00865,
2950,-79.96069,40.43683,
2951,-80.09074,40.47275,
2952,-80.09369,42.07395,
2953,-80.08291,41.17021,
2954,-96.76647,44.3079,
2955,-88.23031,35.22848,
2956,-88.89522,35.81579,
2957,-89.67821,35.53586,
2958,-89.24323,35.61042,
2959,-100.91718,32.68774,
2960,-94.34688,32.16735,
2961,-95.72176,32.67904,
2962,-100.22652,34.43049,
2963,-96.54255,29.69469,
2964,-95.23471,33.17671,
2965,-101.73281,34.20663,
2966,-96.66929,33.11904,
2967,-86.2653,31.69449,
2968,-87.73836,31.9305,
2969,-86.31339,30.9998,
2970,-85.71305,32.14612,
2971,-109.6077,36.15758,
2972,-89.91884,35.94224,
2973,-117.16868,32.69445,
2974,-122.0009,39.20642,
2975,-82.455,29.38364,
2976,-82.49195,33.463,
2977,-84.20032,30.86358,
2978,-84.88112,31.0514,
2979,-87.61359,41.80262,
2980,-85.03512,41.3688,
2981,-87.51205,41.53799,
2982,-93.64215,41.61651,
2983,-96.84965,39.01416,
2984,-95.73857,38.20158,
2985,-101.35853,37.58455,
2986,-97.5133,37.72575,
2987,-92.10554,32.45096,
2988,-92.09457,32.07744,
2989,-93.47108,31.56076,
2990,-86.24868,42.18556,
2991,-90.08397,32.58417,
2992,-89.57295,33.44243,
2993,-89.72888,31.87124,
2994,-92.74033,38.95873,
2995,-93.68915,38.05155,
2996,-113.01975,48.56573,
2997,-107.82807,35.16117,
2998,-108.73027,35.50845,
2999,-104.69326,34.92997,
3000,-103.36198,34.16913,
3001,-75.54316,42.81327,
3002,-82.22375,41.39907,
3003,-83.45432,39.89254,
3004,-97.98068,35.5298,
3005,-96.40157,35.83376,
3006,-96.01686,35.43979,
3007,-96.69855,35.24626,
3008,-80.28707,40.85875,
3009,-78.43299,40.02534,
3010,-79.58612,40.02286,
3011,NA,NA,
3012,-81.3626,33.25644,
3013,-102.5563,43.02567,
3014,-89.36342,35.24698,
3015,-99.89551,32.76749,
3016,-102.54582,32.33811,
3017,-102.3919,34.8203,
3018,-101.97147,35.86424,
3019,-96.26044,29.95287,
3020,-99.78364,32.92767,
3021,-95.44549,32.79599,
3022,-96.29082,29.21903,
3023,-102.34545,33.9126,
3024,-97.51766,25.97964,
3025,-110.83299,39.60532,
3026,-80.23683,38.99108,
3027,-108.41868,43.03475,
3028,-109.23545,41.58476,
3029,-105.55747,41.31147,
3030,-97.76192,33.22046,
3031,-111.23986,36.13499,
3032,-117.24459,33.38083,
3033,-105.15175,39.95193,
3034,-82.93947,34.34595,
3035,NA,NA,
3036,-93.26882,31.13563,
3037,-95.59917,43.62187,
3038,-90.82697,36.62082,
3039,-106.59069,35.13192,
3040,-122.72495,42.20646,
3041,-123.0813,44.04645,
3042,-78.83828,40.24198,
3043,-80.45596,25.67855,
3044,-96.16964,31.7246,
3045,-111.7144,40.04407,
3046,-111.82125,41.7533,
3047,-88.46746,43.06567,
3048,-97.06751,33.04566,
3049,-86.07635,31.42926,
3050,-112.02611,33.45766,
3051,-109.07648,35.74446,
3052,-112.04942,33.49695,
3053,-109.95774,33.87588,
3054,-121.28263,37.88671,
3055,-121.13284,36.20608,
3056,-119.45176,36.60808,
3057,-119.9978,38.91164,
3058,-119.81032,34.43386,
3059,-118.29572,33.78874,
3060,-118.98036,36.0439,
3061,-122.52799,38.36342,
3062,-117.81781,33.85391,
3063,-117.46905,33.90462,
3064,-117.98645,34.0655,
3065,-117.90945,33.81983,
3066,-117.82634,33.78851,
3067,-102.35559,38.82571,
3068,-107.32181,39.5326,
3069,-82.01156,33.08333,
3070,-155.91739,19.51995,
3071,-92.45809,42.53365,
3072,-95.1246,43.41766,
3073,-98.72938,37.64381,
3074,-98.78645,38.36644,
3075,-97.39424,37.27793,
3076,-97.03621,37.13258,
3077,-75.85239,37.99717,
3078,-83.05709,42.35222,
3079,-92.43918,44.0204,
3080,-92.09374,46.79247,
3081,-92.46613,44.02439,
3082,-89.03374,33.12463,
3083,-90.07073,32.24194,
3084,-94.39427,38.97537,
3085,-106.31897,35.88171,
3086,-108.68613,36.78445,
3087,-108.79885,35.08314,
3088,-108.13557,35.68045,
3089,-74.48209,42.68704,
3090,-99.74487,48.83917,
3091,-83.11609,41.37983,
3092,-99.88145,36.26849,
3093,-98.66821,36.78689,
3094,-99.62396,35.31345,
3095,-97.29949,36.28846,
3096,-95.62933,36.31653,
3097,-122.78999,45.00448,
3098,-122.93604,45.30838,
3099,-78.38789,40.33776,
3100,-103.86116,44.49801,
3101,-88.99968,35.26675,
3102,-86.07221,35.83337,
3103,-101.86933,33.5496,
3104,-96.12483,29.31413,
3105,-99.10943,28.88828,
3106,-96.89431,31.30698,
3107,-99.31309,34.15904,
3108,-99.86152,28.52006,
3109,-98.57906,33.87235,
3110,-111.8616,40.76763,
3111,-112.08466,38.78151,
3112,-112.64315,38.29011,
3113,-111.71388,40.31205,
3114,-111.9799,40.52222,
3115,-120.31677,46.37076,
3116,-122.11854,48.18884,
3117,-121.9891,47.86391,
3118,-120.32313,47.43363,
3119,-110.7504,43.47995,
3120,-110.99052,41.24266,
3121,-97.82515,30.29562,
3122,-101.90325,33.6171,
3123,-95.5679,29.98938,
3124,-87.14802,32.95118,
3125,-87.29997,31.99757,
3126,-117.92239,33.66334,
3127,-116.88903,34.24602,
3128,-106.81456,40.46334,
3129,-100.87052,43.28314,
3130,-109.99577,40.30377,
3131,-90.88436,32.90468,
3132,-78.54951,38.05148,
3133,-118.43006,34.21879,
3134,-90.08489,29.95662,
3135,-92.63086,32.51751,
3136,-122.44329,37.78233,
3137,-92.1153,32.50113,
3138,-97.74116,30.30585,
3139,-98.54754,29.48982,
3140,-97.11704,32.74771,
3141,-95.40072,29.69259,
3142,-82.46491,40.04247,
3143,-86.80711,36.16683,
3144,-117.16915,33.61459,
3145,-118.12881,33.91924,
3146,-122.14335,37.71224,
3147,-121.77627,37.95187,
3148,-118.3759,34.03835,
3149,-121.95212,38.35576,
3150,-121.2462,37.79803,
3151,-90.03194,35.14257,
3152,-97.51698,38.20537,
3153,-92.04668,30.21741,
3154,-91.1314,30.50434,
3155,NA,NA,
3156,-76.7085,39.31373,
3157,-80.72937,28.2283,
3158,-79.76921,32.87771,
3159,-81.28849,40.67379,
3160,-80.29627,36.07897,
3161,-95.95362,36.04322,
3162,-71.41226,41.81077,
3163,-97.37535,27.68693,
3164,-71.10719,42.32932,
3165,-122.78532,44.8054,
3166,-88.29605,32.49174,
3167,-135.3552,57.05199,
3168,-119.26435,34.44283,
3169,-95.08369,34.75548,
3170,-75.09903,40.01889,
3171,-111.73461,33.38026,
3172,-112.09897,33.5322,
3173,-92.34909,34.8003,
3174,-94.13407,36.12133,
3175,-119.78201,36.82509,
3176,-117.77246,33.66075,
3177,-106.38227,39.64352,
3178,-106.07815,39.57004,
3179,-105.1292,39.71706,
3180,-84.95117,32.53452,
3181,-116.29101,43.61254,
3182,-111.98778,43.47423,
3183,-116.92433,47.71524,
3184,-86.26714,39.90823,
3185,-85.10252,41.18895,
3186,-85.24982,41.04,
3187,-97.225,37.73309,
3188,-97.22731,37.74331,
3189,-92.02736,30.17633,
3190,-91.09438,30.3804,
3191,-89.7557,30.27332,
3192,-93.74686,32.49742,
3193,-92.4679,31.31391,
3194,-96.1357,41.23285,
3195,-96.03703,41.25751,
3196,-96.02133,41.32182,
3197,-119.78415,39.2003,
3198,-73.95256,40.76504,
3199,-78.8969,36.0429,
3200,-80.82359,35.21075,
3201,-82.79037,40.08637,
3202,-81.51355,41.09698,
3203,-97.57026,35.37624,
3204,-97.58336,35.61447,
3205,-96.00356,36.064,
3206,-97.53416,35.42038,
3207,-97.51283,35.56766,
3208,-97.41748,35.65404,
3209,-75.98794,40.35847,
3210,-76.69546,39.91689,
3211,-96.49626,42.50552,
3212,-96.71421,43.53508,
3213,-103.22364,44.04623,
3214,-98.4977,45.47389,
3215,-97.39991,42.90102,
3216,-86.80351,36.15509,
3217,-96.79471,32.80419,
3218,-95.44343,30.0186,
3219,-98.59522,29.52711,
3220,-95.40904,29.70024,
3221,-97.75193,30.35047,
3222,-98.19881,26.26345,
3223,-96.29757,30.65029,
3224,-106.47751,31.78033,
3225,-96.83754,33.1052,
3226,-98.47757,29.6133,
3227,-95.29861,32.32929,
3228,-97.11753,32.68019,
3229,-101.91276,35.21051,
3230,-97.34899,32.73691,
3231,-97.12801,32.9397,
3232,-96.83194,33.04415,
3233,-97.08711,33.17687,
3234,-96.86832,32.84095,
3235,-111.88303,40.64097,
3236,-87.91496,43.09769,
3237,-106.22635,42.84079,
3238,-95.12614,29.53408,
3239,-95.46114,29.72356,
3240,-97.41819,32.64568,
3241,-96.77124,32.87522,
3242,-98.58993,29.53009,
3243,-95.45738,30.20344,
3244,-97.11693,32.68301,
3245,-96.82942,32.98478,
3246,-111.89129,33.33402,
3247,-111.99652,33.45658,
3248,-122.43931,37.6592,
3249,-117.94476,34.07135,
3250,-122.72701,38.47212,
3251,-121.97746,36.98779,
3252,-118.15859,33.92933,
3253,-120.95852,37.66479,
3254,-121.61338,39.13176,
3255,-107.87091,37.24811,
3256,-85.82812,38.33993,
3257,-94.84912,38.56949,
3258,-97.60845,38.83369,
3259,-94.62818,38.92668,
3260,-96.59907,39.20281,
3261,-97.88856,38.08023,
3262,-93.24993,30.18133,
3263,-90.74999,29.6001,
3264,-92.10229,32.53591,
3265,-90.08338,30.40604,
3266,-91.15688,30.51833,
3267,-90.41286,30.47707,
3268,-70.53227,44.20987,
3269,-111.29162,47.4897,
3270,-114.3238,48.21542,
3271,-96.62375,40.79492,
3272,-105.96324,35.63346,
3273,-84.08784,40.69713,
3274,-84.51369,39.37824,
3275,-84.19951,39.74814,
3276,-80.65583,41.01547,
3277,-83.81282,39.92538,
3278,-97.56644,35.56425,
3279,-97.50948,35.40572,
3280,-97.51874,35.38631,
3281,-80.41762,41.33007,
3282,-75.36584,40.67258,
3283,-75.52923,40.61279,
3284,-74.9628,40.11295,
3285,-80.27908,40.15654,
3286,-82.32729,34.85171,
3287,-101.93661,35.17401,
3288,-95.63614,29.60513,
3289,-97.79588,30.27092,
3290,-96.95224,32.91219,
3291,-97.17485,32.98848,
3292,-112.02562,41.4911,
3293,-111.82132,41.77577,
3294,-111.4691,40.68824,
3295,-91.44553,44.77778,
3296,-87.95413,42.86015,
3297,-95.25862,30.04779,
3298,-95.46277,29.70985,
3299,-96.72244,33.17664,
3300,NA,NA,
3301,-94.64353,38.92696,
3302,-122.4168,40.58592,
3303,-83.32347,35.48478,
3304,-97.89151,30.22685,
3305,-87.58702,32.6955,
3306,-87.82767,42.44877,
3307,-99.17276,28.6707,
3308,-76.73528,37.29016,
3309,-120.33988,36.15149,
3310,-80.19243,25.82287,
3311,-92.85168,30.49152,
3312,-70.101,41.27508,
3313,-79.94636,40.46145,
3314,-88.75346,35.91327,
3315,-99.81136,33.4141,
3316,-95.69785,29.78735,
3317,-93.20708,30.18229,
3318,-122.55495,38.00435,
3319,-118.58994,34.17038,
3320,-100.13516,32.88577,
3321,-118.97053,35.38293,
3322,-117.91198,33.65183,
3323,-88.6778,32.4096,
3324,-95.36103,29.73069,
3325,-80.10975,37.38267,
3326,-95.47767,29.65185,
3327,-83.76938,31.13145,
3328,-93.1256,29.81589,
3329,-71.79483,42.27633,
3330,-84.0513,43.45514,
3331,-83.72038,42.51565,
3332,-78.8661,42.88341,
3333,-77.92929,34.19426,
3334,-82.88182,40.02711,
3335,-75.13463,39.98163,
3336,-75.36807,40.15823,
3337,-75.41191,40.15588,
3338,,,
3339,,,
3340,,,
3341,,,
3342,,,
3343,,,
3344,,,
3345,,,
3346,,,
3347,,,
3348,,,
3349,,,
3350,,,
3351,,,
3352,,,
3353,,,
3354,,,
3355,,,
3356,,,
3357,,,
3358,,,
3359,,,
3360,,,
3361,,,
3362,,,
3363,,,
3364,,,
3365,,,
3366,,,
3367,,,
3368,,,
3369,,,
3370,,,
3371,,,
3372,,,
3373,,,
3374,,,
3375,,,
3376,,,
3377,,,
3378,,,
3379,,,
3380,,,
3381,,,
3382,,,
3383,,,
3384,,,
3385,,,
3386,,,
3387,,,
3388,,,
3389,,,
3390,,,
3391,,,
3392,,,
3393,,,
3394,,,
3395,,,
3396,,,
3397,,,
3398,,,
3399,,,
3400,,,
3401,,,
3402,,,
3403,,,
3404,,,
3405,,,
3406,,,
3407,,,
3408,,,
3409,,,
3410,,,
3411,,,
3412,,,
3413,,,
3414,,,
3415,,,
3416,,,
3417,,,
3418,,,
3419,,,
3420,,,
3421,,,
3422,,,
3423,,,
3424,,,
3425,,,
3426,,,
3427,,,
3428,,,
3429,,,
3430,,,
3431,,,
3432,,,
3433,,,
3434,,,
3435,,,
3436,,,
3437,,,
3438,,,
3439,,,
3440,,,
3441,,,
3442,,,
3443,,,
3444,,,
3445,,,
3446,,,
3447,,,
3448,,,
3449,,,
3450,,,
3451,,,
3452,,,
3453,,,
3454,,,
3455,,,
3456,,,
3457,,,
3458,,,
3459,,,
3460,,,
3461,,,
3462,,,
3463,,,
3464,,,
3465,,,
3466,,,
3467,,,
3468,,,
3469,,,
3470,,,
3471,,,
3472,,,
3473,,,
3474,,,
3475,,,
3476,,,
3477,,,
3478,,,
3479,,,
3480,,,
3481,,,
3482,,,
3483,,,
3484,,,
3485,,,
3486,,,
3487,,,
3488,,,
3489,,,
3490,,,
3491,,,
3492,,,
3493,,,
3494,,,
3495,,,
3496,,,
3497,,,
3498,,,
3499,,,
3500,,,
3501,,,
3502,,,
3503,,,
3504,,,
3505,,,
3506,,,
3507,,,
3508,,,
3509,,,
3510,,,
3511,,,
3512,,,
3513,,,
3514,,,
3515,,,
3516,,,
3517,,,
3518,,,
3519,,,
3520,,,
3521,,,
3522,,,
3523,,,
3524,,,
3525,,,
3526,,,
3527,,,
3528,,,
3529,,,
3530,,,
3531,,,
3532,,,
3533,,,
3534,,,
3535,,,
3536,,,
3537,,,
3538,,,
3539,,,
3540,,,
3541,,,
3542,,,
3543,,,
3544,,,
3545,,,
3546,,,
3547,,,
3548,,,
3549,,,
3550,,,
3551,,,
3552,,,
3553,,,
3554,,,
3555,,,
3556,,,
3557,,,
3558,,,
3559,,,
3560,,,
3561,,,
3562,,,
3563,,,
3564,,,
3565,,,
3566,,,
3567,,,
3568,,,
3569,,,
3570,,,
3571,,,
3572,,,
3573,,,
3574,,,
3575,,,
3576,,,
3577,,,
3578,,,
3579,,,
3580,,,
3581,,,
3582,,,
3583,,,
3584,,,
3585,,,
3586,,,
3587,,,
3588,,,
3589,,,
3590,,,
3591,,,
3592,,,
3593,,,
3594,,,
3595,,,
3596,,,
3597,,,
3598,,,
3599,,,
3600,,,
3601,,,
3602,,,
3603,,,
3604,,,
3605,,,
3606,,,
3607,,,
3608,,,
3609,,,
3610,,,
3611,,,
3612,,,
3613,,,
3614,,,
3615,,,
3616,,,
3617,,,
3618,,,
3619,,,
3620,,,
3621,,,
3622,,,
3623,,,
3624,,,
3625,,,
3626,,,
3627,,,
3628,,,
3629,,,
3630,,,
3631,,,
3632,,,
3633,,,
3634,,,
3635,,,
3636,,,
3637,,,
3638,,,
3639,,,
3640,,,
3641,,,
3642,,,
3643,,,
3644,,,
3645,,,
3646,,,
3647,,,
3648,,,
3649,,,
3650,,,
3651,,,
3652,,,
3653,,,
3654,,,
3655,,,
3656,,,
3657,,,
3658,,,
3659,,,
3660,,,
3661,,,
3662,,,
3663,,,
3664,,,
3665,,,
3666,,,
3667,,,
3668,,,
3669,,,
3670,,,
3671,,,
3672,,,
3673,,,
3674,,,
3675,,,
3676,,,
3677,,,
3678,,,
3679,,,
3680,,,
3681,,,
3682,,,
3683,,,
3684,,,
3685,,,
3686,,,
3687,,,
3688,,,
3689,,,
3690,,,
3691,,,
3692,,,
3693,,,
3694,,,
3695,,,
3696,,,
3697,,,
3698,,,
3699,,,
3700,,,
3701,,,
3702,,,
3703,,,
3704,,,
3705,,,
3706,,,
3707,,,
3708,,,
3709,,,
3710,,,
3711,,,
3712,,,
3713,,,
3714,,,
3715,,,
3716,,,
3717,,,
3718,,,
3719,,,
3720,,,
3721,,,
3722,,,
3723,,,
3724,,,
3725,,,
3726,,,
3727,,,
3728,,,
3729,,,
3730,,,
3731,,,
3732,,,
3733,,,
3734,,,
3735,,,
3736,,,
3737,,,
3738,,,
3739,,,
3740,,,
3741,,,
3742,,,
3743,,,
3744,,,
3745,,,
3746,,,
3747,,,
3748,,,
3749,,,
3750,,,
3751,,,
3752,,,
3753,,,
3754,,,
3755,,,
3756,,,
3757,,,
3758,,,
3759,,,
3760,,,
3761,,,
3762,,,
3763,,,
3764,,,
3765,,,
3766,,,
3767,,,
3768,,,
3769,,,
3770,,,
3771,,,
3772,,,
3773,,,
3774,,,
3775,,,
3776,,,
3777,,,
3778,,,
3779,,,
3780,,,
3781,,,
3782,,,
3783,,,
3784,,,
3785,,,
3786,,,
3787,,,
3788,,,
3789,,,
3790,,,
3791,,,
3792,,,
3793,,,
3794,,,
3795,,,
3796,,,
3797,,,
3798,,,
3799,,,
3800,,,
3801,,,
3802,,,
3803,,,
3804,,,
3805,,,
3806,,,
3807,,,
3808,,,
3809,,,
3810,,,
3811,,,
3812,,,
3813,,,
3814,,,
3815,,,
3816,,,
3817,,,
3818,,,
3819,,,
3820,,,
3821,,,
3822,,,
3823,,,
3824,,,
3825,,,
3826,,,
3827,,,
3828,,,
3829,,,
3830,,,
3831,,,
3832,,,
3833,,,
3834,,,
3835,,,
3836,,,
3837,,,
3838,,,
3839,,,
3840,,,
3841,,,
3842,,,
3843,,,
3844,,,
3845,,,
3846,,,
3847,,,
3848,,,
3849,,,
3850,,,
3851,,,
3852,,,
3853,,,
3854,,,
3855,,,
3856,,,
3857,,,
3858,,,
3859,,,
3860,,,
3861,,,
3862,,,
3863,,,
3864,,,
3865,,,
3866,,,
3867,,,
3868,,,
3869,,,
3870,,,
3871,,,
3872,,,
3873,,,
3874,,,
3875,,,
3876,,,
3877,,,
3878,,,
3879,,,
3880,,,
3881,,,
3882,,,
3883,,,
3884,,,
3885,,,
3886,,,
3887,,,
3888,,,
3889,,,
3890,,,
3891,,,
3892,,,
3893,,,
3894,,,
3895,,,
3896,,,
3897,,,
3898,,,
3899,,,
3900,,,
3901,,,
3902,,,
3903,,,
3904,,,
3905,,,
3906,,,
3907,,,
3908,,,
3909,,,
3910,,,
3911,,,
3912,,,
3913,,,
3914,,,
3915,,,
3916,,,
3917,,,
3918,,,
3919,,,
3920,,,
3921,,,
3922,,,
3923,,,
3924,,,
3925,,,
3926,,,
3927,,,
3928,,,
3929,,,
3930,,,
3931,,,
3932,,,
3933,,,
3934,,,
3935,,,
3936,,,
3937,,,
3938,,,
3939,,,
3940,,,
3941,,,
3942,,,
3943,,,
3944,,,
3945,,,
3946,,,
3947,,,
3948,,,
3949,,,
3950,,,
3951,,,
3952,,,
3953,,,
3954,,,
3955,,,
3956,,,
3957,,,
3958,,,
3959,,,
3960,,,
3961,,,
3962,,,
3963,,,
3964,,,
3965,,,
3966,,,
3967,,,
3968,,,
3969,,,
3970,,,
3971,,,
3972,,,
3973,,,
3974,,,
3975,,,
3976,,,
3977,,,
3978,,,
3979,,,
3980,,,
3981,,,
3982,,,
3983,,,
3984,,,
3985,,,
3986,,,
3987,,,
3988,,,
3989,,,
3990,,,
3991,,,
3992,,,
3993,,,
3994,,,
3995,,,
3996,,,
3997,,,
3998,,,
3999,,,
4000,,,
4001,,,
4002,,,
4003,,,
4004,,,
4005,,,
4006,,,
4007,,,
4008,,,
4009,,,
4010,,,
4011,,,
4012,,,
4013,,,
4014,,,
4015,,,
4016,,,
4017,,,
4018,,,
4019,,,
4020,,,
4021,,,
4022,,,
4023,,,
4024,,,
4025,,,
4026,,,
4027,,,
4028,,,
4029,,,
4030,,,
4031,,,
4032,,,
4033,,,
4034,,,
4035,,,
4036,,,
4037,,,
4038,,,
4039,,,
4040,,,
4041,,,
4042,,,
4043,,,
4044,,,
4045,,,
4046,,,
4047,,,
4048,,,
4049,,,
4050,,,
4051,,,
4052,,,
4053,,,
4054,,,
4055,,,
4056,,,
4057,,,
4058,,,
4059,,,
4060,,,
4061,,,
4062,,,
4063,,,
4064,,,
4065,,,
4066,,,
